"id","time","X"
1,0.0192307692307692,-0.892267027894614
1,1.17307692307692,0.580596037902161
1,2.59615384615385,1.72646577380363
1,3.98076923076923,1.88259149797733
1,4.11538461538462,2.65210860843701
1,5.11538461538462,3.27726309088055
1,6.76923076923077,4.42916109367988
1,7.75,3.94895633901733
1,8.01923076923077,4.22491201901085
1,9.80769230769231,4.97410296713709
1,10.1538461538462,4.94834546239979
1,11.4423076923077,5.45271368474725
1,12.5192307692308,4.84742239140162
1,13.8846153846154,5.39109982249918
1,14.5384615384615,5.87770388319821
2,0.0192307692307692,-0.395060489258618
2,1.71153846153846,0.877930314965041
2,2.21153846153846,1.75046605014599
2,3.25,2.79841885940918
2,4.48076923076923,2.20197712256821
2,5.15384615384615,2.96436810082075
2,6.32692307692308,3.63582057877119
2,7.40384615384615,3.6367195067055
2,8.13461538461539,3.15794560312843
2,9.63461538461539,3.42805461101362
2,10.4615384615385,3.82488857834058
2,11.3269230769231,3.99840360619442
2,12.2307692307692,4.54190603155253
2,13.8653846153846,4.37090512237678
2,14.0961538461538,5.0579687829392
3,0.0192307692307692,-0.605636502489351
3,1.09615384615385,1.18669648087881
3,2.65384615384615,2.55567893481639
3,3.76923076923077,1.78095316602426
3,4.46153846153846,2.06426621663979
3,5.21153846153846,2.03114107269633
3,6.75,3.13492828788726
3,7.98076923076923,3.92070282895281
3,8.88461538461539,4.05804218845658
3,9.71153846153846,4.21978646641396
3,10.0576923076923,3.70404685198404
3,11.5,2.12002049102789
3,12.3846153846154,3.21928478864066
3,13.4615384615385,3.20869528680853
3,14.6538461538462,4.1290890451994
4,0.0192307692307692,-0.737596412050792
4,1.05769230769231,0.428319321293341
4,2.94230769230769,2.69284907762601
4,3.80769230769231,3.70629227358661
4,4.44230769230769,3.74828786530657
4,5.55769230769231,4.13276147059185
4,6.15384615384615,4.23615606381995
4,7.53846153846154,4.44175188359014
4,8.80769230769231,5.49424640860174
4,9.26923076923077,6.03097455581213
4,10.8076923076923,5.45521056763286
4,11.9807692307692,5.56040687185867
4,12.1923076923077,5.76351882185388
4,13.8461538461538,5.28911680258639
4,14.1538461538462,5.34931663059857
5,0.0192307692307692,-0.422959785604718
5,1.88461538461538,1.41606377399347
5,2.13461538461538,1.39522348877797
5,3.21153846153846,1.58639074388487
5,4.96153846153846,2.85461227211962
5,5.63461538461539,2.48436734287411
5,6.21153846153846,2.73136590438108
5,7.01923076923077,3.11178636516992
5,8.51923076923077,2.31346664201201
5,9.92307692307693,2.99132673926992
5,10.3461538461538,3.236623574496
5,11.2884615384615,3.05502968087367
5,12.5384615384615,3.17675276481894
5,13.2307692307692,2.53933895509
5,14.6730769230769,3.57704246273552
6,0.0192307692307692,0.520832581769272
6,1.26923076923077,1.73583076543372
6,2.40384615384615,3.43314423602532
6,3.88461538461538,4.88534752451709
6,4.82692307692308,4.68939104062772
6,5.78846153846154,5.47997201839941
6,6.44230769230769,5.23161982026156
6,7.26923076923077,5.95999558632136
6,8.61538461538462,5.81088092058572
6,9.57692307692308,5.79814519664769
6,10.1538461538462,5.81417859286739
6,11.1730769230769,6.04417613995497
6,12.0576923076923,6.23660280993514
6,13.4230769230769,6.00005092617395
6,14.4038461538462,6.902568108558
7,0.0192307692307692,0.278261517920559
7,1.55769230769231,1.97392425157732
7,2.69230769230769,2.89179289798381
7,3.46153846153846,2.36531993612711
7,4.03846153846154,3.39984294995469
7,5.80769230769231,3.34076922926736
7,6.25,4.11914907967224
7,7.03846153846154,3.90525494083992
7,8.32692307692308,3.98807332364537
7,9.40384615384616,4.44599405010842
7,10.2692307692308,4.32069174368517
7,11.1730769230769,4.35954376677462
7,12.9615384615385,4.12742501188582
7,13.9423076923077,4.26380107793232
7,14.2115384615385,4.12231020876648
8,0.0192307692307692,1.75616633085696
8,1.05769230769231,2.37943558196994
8,2.38461538461538,3.25095319725866
8,3.84615384615385,4.24659878307669
8,4.51923076923077,4.59362680090548
8,5.69230769230769,4.67639895951973
8,6.17307692307692,4.84342693173087
8,7.98076923076923,5.5837804760998
8,8.01923076923077,5.00702564646567
8,9.36538461538462,5.82147043188377
8,11,6.59530844762664
8,11.2307692307692,5.66272082841636
8,12.7692307692308,6.70678500259287
8,13.2307692307692,6.55611603316056
8,14.5576923076923,6.94302194640658
9,0.0192307692307692,0.142793120671583
9,1.44230769230769,0.830476224056258
9,2.92307692307692,1.30328209713467
9,3.73076923076923,1.19382482175068
9,4.82692307692308,1.68596530576405
9,5.92307692307692,2.65395834829095
9,6.94230769230769,1.60589157870245
9,7.88461538461539,2.70259321040855
9,8.61538461538462,2.36090260044064
9,9.09615384615385,3.15336769893641
9,10.5769230769231,3.45296670109549
9,11.3653846153846,3.31811019029368
9,12.1730769230769,5.34818640221291
9,13.9423076923077,4.80198953378447
9,14.1346153846154,5.18530551168079
10,0.0192307692307692,-1.26870838822075
10,1.11538461538462,0.0948957455182174
10,2.53846153846154,0.896123484708785
10,3.25,1.74467598683931
10,4.32692307692308,2.18407077624245
10,5.19230769230769,2.01824328702657
10,6.23076923076923,3.00206707146347
10,7.57692307692308,2.86304325922403
10,8.78846153846154,3.21489143659068
10,9.98076923076923,3.95000772801358
10,10.0961538461538,3.62361114167867
10,11.5192307692308,4.51479430898121
10,12.4807692307692,4.5077085730883
10,13.7692307692308,4.33487967936023
10,14.7884615384615,5.01149212279533
11,0.0192307692307692,-0.249899980260253
11,1.17307692307692,0.831884243794432
11,2.96153846153846,1.93892250015438
11,3.19230769230769,2.03350676144996
11,4.67307692307692,2.73456228335983
11,5.30769230769231,3.39237014330899
11,6.26923076923077,4.2390560365596
11,7.57692307692308,3.35671022463333
11,8.07692307692308,3.3690274345248
11,9.5,3.7400642949466
11,10.2115384615385,4.1936631520195
11,11.5192307692308,3.99266413846913
11,12.7692307692308,3.91415514259388
11,13.3269230769231,5.04569754071214
11,14.3653846153846,4.17809039384286
12,0.0192307692307692,-0.253687452215527
12,1.13461538461538,1.02669671952657
12,2.88461538461538,2.37744341825176
12,3.92307692307692,2.0688825603945
12,4.59615384615385,1.89967421636925
12,5.21153846153846,2.31997635116311
12,6.63461538461539,3.43438223121804
12,7.90384615384615,2.87172510719954
12,8.63461538461539,4.49041706689094
12,9.26923076923077,3.98188643773479
12,10.0961538461538,4.09337189523905
12,11.9423076923077,3.47317286495567
12,12.0192307692308,4.81191730671865
12,13.2692307692308,4.38587902037116
12,14.3653846153846,4.09108535290006
13,0.0192307692307692,-0.535137616576888
13,1.5,1.57722822547866
13,2.73076923076923,2.77809920787228
13,3.55769230769231,2.22952596328699
13,4.17307692307692,1.96522946687466
13,5.17307692307692,4.49177936114705
13,6.65384615384615,4.84111894637826
13,7.07692307692308,5.13052450865576
13,8.01923076923077,4.04092651373341
13,9.86538461538462,4.99395779068309
13,10.1538461538462,4.46367020504752
13,11.5,4.82284376447746
13,12.25,4.87797272990891
13,13.2692307692308,5.51179090173172
13,14.5192307692308,5.65647317708078
14,0.0192307692307692,-0.0378163640412002
14,1.92307692307692,1.47475736445122
14,2.90384615384615,1.4537007653589
14,3.84615384615385,2.01208587171239
14,4.55769230769231,1.73535472899943
14,5.92307692307692,2.91771793737211
14,6.53846153846154,2.53379718659556
14,7.73076923076923,2.73721703774365
14,8.44230769230769,1.92364799700307
14,9.03846153846154,2.95386493541698
14,10.9038461538462,2.23089188113812
14,11.9230769230769,2.70944467882626
14,12.9807692307692,3.14835977229585
14,13.1153846153846,2.79786090573126
14,14.3461538461538,2.69671521781554
15,0.0192307692307692,0.501039966114766
15,1.88461538461538,1.3079973404039
15,2.44230769230769,2.27929903757068
15,3.09615384615385,3.08021847136249
15,4.26923076923077,5.35593574391073
15,5.11538461538462,4.8525147965729
15,6.86538461538462,4.73384326487395
15,7.34615384615385,4.9192972989726
15,8.28846153846154,5.0841369720415
15,9.26923076923077,5.05716737716603
15,10.9615384615385,5.10975711310616
15,11.6538461538462,5.19109428538745
15,13,5.28762113159827
15,13.8846153846154,5.62306732303604
15,14.1153846153846,5.46649972472699
16,0.0192307692307692,-0.648822457593175
16,1.88461538461538,0.518675049458107
16,2.26923076923077,1.59944562868945
16,3.34615384615385,1.9344154682672
16,4.75,2.68376625351678
16,5.19230769230769,3.58187001275454
16,6.94230769230769,3.56374166736741
16,7.44230769230769,3.51212803132856
16,8.48076923076923,3.74754099060428
16,9.69230769230769,3.67193523660846
16,10.0192307692308,3.98230347049159
16,11.6538461538462,3.84784387092071
16,12.9615384615385,3.50046262226809
16,13.4423076923077,4.71129332085593
16,14.7692307692308,5.35467416514299
17,0.0192307692307692,0.895956971015521
17,1.88461538461538,1.58147997298899
17,2.96153846153846,2.37489658694515
17,3.82692307692308,2.84224837170467
17,4.90384615384615,3.18293677080062
17,5.71153846153846,3.42100322247228
17,6.57692307692308,3.23164021486994
17,7.5,3.51521819024546
17,8.82692307692308,4.66290906864021
17,9.63461538461539,4.37189815028284
17,10.4038461538462,4.41404575439715
17,11.5576923076923,4.11118737326012
17,12.25,3.92997138835472
17,13.25,4.29252373551017
17,15,3.7123078762421
18,0.0192307692307692,0.617085613592978
18,1.19230769230769,1.96673347076123
18,2.80769230769231,2.97147009374394
18,3.21153846153846,3.76627078387398
18,5,5.1118748168146
18,5.71153846153846,4.88401136068438
18,6.44230769230769,5.31166809451561
18,7.40384615384615,6.04402842151909
18,9,5.93006593930567
18,9.96153846153846,5.65125955646754
18,10.3846153846154,5.27935348864864
18,11.8076923076923,6.59491683178206
18,12.5,6.51829554848382
18,13.9423076923077,5.92555974964595
18,14.5384615384615,6.61472329704665
19,0.0192307692307692,-0.182677095782685
19,1.63461538461538,1.51725594628745
19,2.40384615384615,1.38624235079132
19,3.88461538461538,3.06763764697399
19,4.51923076923077,2.93315382510036
19,5.48076923076923,3.64566985661114
19,6.21153846153846,3.8014118833125
19,7.65384615384615,3.9408051846836
19,8.84615384615385,3.69593411404291
19,9.80769230769231,4.23424934286566
19,10.3269230769231,3.50825120378465
19,11.9807692307692,4.31848491443612
19,12.7692307692308,4.26548471046852
19,13.5384615384615,4.91562449624664
19,14.5192307692308,4.29454788227182
20,0.0192307692307692,-2.00496766054503
20,1.17307692307692,-0.359121394162665
20,2.73076923076923,0.531366669344331
20,3.46153846153846,0.839510219804632
20,4.21153846153846,1.83125721513257
20,5.63461538461539,2.12349269448297
20,6.84615384615385,1.53025936471488
20,7.40384615384615,1.54057130192173
20,8.96153846153846,1.59474779106403
20,9.38461538461539,1.83783361347216
20,10.75,1.93266350173564
20,11.8269230769231,2.62374286155353
20,12.3846153846154,2.53308623058562
20,13.5384615384615,1.46412566721952
20,14.4807692307692,1.92682258746611
21,0.0192307692307692,0.36995412836779
21,1.32692307692308,1.30917455179975
21,2.30769230769231,2.5114290206904
21,3.98076923076923,3.30212304517456
21,4.26923076923077,4.05213215972959
21,5.09615384615385,4.18769056644243
21,6.28846153846154,5.27511250911042
21,7.78846153846154,6.02883344616641
21,8.44230769230769,5.69666375915056
21,9.57692307692308,6.70964556626249
21,10.0576923076923,6.18928653143092
21,12,6.67037575294758
21,12.3076923076923,5.99462832040675
21,13.5961538461538,6.53477236292023
21,14.1923076923077,6.03311652303843
22,0.0192307692307692,0.459530411919012
22,1.84615384615385,2.34203146848852
22,2.11538461538462,3.22445026148772
22,3.59615384615385,3.705487322113
22,4.96153846153846,3.73188696653348
22,5.05769230769231,3.35188976209561
22,6.51923076923077,4.73385832971287
22,7.23076923076923,3.80059883126239
22,8.23076923076923,4.04818228773897
22,9.23076923076923,6.77470224545251
22,10.9038461538462,6.59789841651617
22,11.75,6.43894390411647
22,12.25,6.51058636147725
22,13.7115384615385,6.25443868816709
22,14.9423076923077,5.99592548310689
23,0.0192307692307692,-1.63151406961947
23,1.25,-1.37540773992295
23,2.11538461538462,-1.08157707575192
23,3.13461538461538,-0.424158065840624
23,4.65384615384615,1.07075899793804
23,5.01923076923077,0.825565477527228
23,6.11538461538462,1.31660025291049
23,7.78846153846154,1.99484554287889
23,8.11538461538462,2.08546267350043
23,9.23076923076923,2.03901879120172
23,10.6923076923077,1.92725614059103
23,11.5961538461538,1.91624711127171
23,12.8653846153846,1.61140940759312
23,13.2307692307692,1.70126272019788
23,14.0576923076923,1.72503845876281
24,0.0192307692307692,-2.81369923570543
24,1.76923076923077,-1.1780585469906
24,2.96153846153846,1.9752633289646
24,3.82692307692308,1.94485278248852
24,4.88461538461539,2.09167352372739
24,5.34615384615385,2.99472561271776
24,6.36538461538462,3.25636022487709
24,7.34615384615385,2.60755998297471
24,8.88461538461539,3.29895410152413
24,9.48076923076923,3.56343820015112
24,10.0769230769231,3.82290689589792
24,11.6346153846154,3.72285235317039
24,12.6923076923077,3.69598554432182
24,13.0192307692308,3.89745148123237
24,14.1153846153846,3.61498613357851
25,0.0192307692307692,0.0965020656547765
25,1.28846153846154,0.797685334649476
25,2.11538461538462,0.361138508987471
25,3.05769230769231,1.49096168039729
25,4.76923076923077,2.14067085145563
25,5.17307692307692,3.18535071670008
25,6.30769230769231,3.61456094227562
25,7.15384615384615,3.60330399606098
25,8.96153846153846,4.11232455431337
25,9.05769230769231,3.93034330848344
25,10.1346153846154,4.49839552936202
25,11.9423076923077,1.78990025451168
25,12.5,2.44123849972265
25,13.8846153846154,2.48118452781543
25,14.5961538461538,3.3664871009192
26,0.0192307692307692,1.64617299049773
26,1.88461538461538,2.36710178164288
26,2.26923076923077,2.48100036860773
26,3.61538461538462,2.64406858653385
26,4.13461538461539,3.64063846226053
26,5.65384615384615,1.33173559975435
26,6.07692307692308,1.87194790847009
26,7.96153846153846,2.29281161770119
26,8.46153846153846,2.41719934600189
26,9.09615384615385,3.51987577832103
26,11,3.27171634636142
26,11.3846153846154,2.87021675428929
26,12.3461538461538,3.55101947148397
26,13.5384615384615,4.09625581176979
26,14.1730769230769,3.68859959182853
27,0.0192307692307692,0.249882463077089
27,1.76923076923077,1.45110094734525
27,2.25,2.10734536439404
27,3.25,3.67059262268238
27,4.38461538461539,4.03863516321231
27,5.82692307692308,5.20970160178345
27,6.23076923076923,4.67541212750956
27,7.25,4.65967191535735
27,8.98076923076923,5.51570511803714
27,9.51923076923077,4.98978917157276
27,10.3461538461538,4.96789188265433
27,11.0576923076923,5.87644566282316
27,12.75,5.77935859899528
27,13.1730769230769,6.10681441670501
27,14.4615384615385,5.82733563499925
28,0.0192307692307692,0.533952316567215
28,1.19230769230769,2.38748789624886
28,2.63461538461538,3.31680289423524
28,3.71153846153846,4.13454453692444
28,4.61538461538462,3.79396482821219
28,5.19230769230769,5.02339673690779
28,6.44230769230769,4.93985936718999
28,7.11538461538462,5.56060807063137
28,8.40384615384616,5.27203984898997
28,9.92307692307693,6.68817774985983
28,10.3461538461538,7.1701709551044
28,11.3653846153846,7.1515179058015
28,12.2884615384615,6.74652159412626
28,13.5384615384615,7.01076260779864
28,14.9807692307692,6.67789456636969
29,0.0192307692307692,1.3465456092909
29,1.15384615384615,1.81329152488335
29,2.30769230769231,4.0634106902735
29,3.5,5.24395477995188
29,4.57692307692308,6.18038534229764
29,5.51923076923077,6.44129441749927
29,6.59615384615385,6.55890909790028
29,7.23076923076923,6.62521884629344
29,8.73076923076923,6.29859119026723
29,9.63461538461539,7.0877421199838
29,10.4230769230769,6.64943652948571
29,11.5769230769231,7.13742390004659
29,12.6346153846154,7.45460895637835
29,13.5192307692308,7.37632791033291
29,14.3269230769231,7.73229065246395
30,0.0192307692307692,0.287968668980669
30,1.21153846153846,0.337143587746855
30,2.69230769230769,1.07468782132877
30,3.94230769230769,1.56138063309663
30,4.88461538461539,-0.640768004355619
30,5.75,0.0240202705988609
30,6.51923076923077,-0.0124927856530881
30,7.57692307692308,0.789039803777024
30,8.63461538461539,0.170663259442697
30,9.92307692307693,1.27072449327716
30,10.3653846153846,1.28313599645599
30,11.1538461538462,0.997089907490633
30,12.9038461538462,0.934175345717667
30,13.4230769230769,1.32380796725172
30,14.5,1.58328426611526
31,0.0192307692307692,-1.71518284217209
31,1.32692307692308,-0.179388000578686
31,2.84615384615385,0.763210567633965
31,3.65384615384615,0.451787543807976
31,4.76923076923077,1.88509725139103
31,5.42307692307692,2.12218641320182
31,6.46153846153846,1.92226561232979
31,7.03846153846154,1.96113866828324
31,8.86538461538462,2.53984607615609
31,9.75,2.83069326875211
31,10.4423076923077,2.96850803662212
31,11.8269230769231,3.62160613403169
31,12.7307692307692,4.02092817453687
31,13.0384615384615,3.80100023815587
31,14.2884615384615,3.34711891599443
32,0.0192307692307692,0.494224852822205
32,1.92307692307692,1.7614606224706
32,2.90384615384615,2.42046039767257
32,3.82692307692308,2.88598311538806
32,4.44230769230769,3.38518449392561
32,5.88461538461539,3.62132885542053
32,6.15384615384615,3.41497670932183
32,7.5,4.84884101184989
32,8.98076923076923,5.36656675199523
32,9.69230769230769,4.69224445349484
32,10.4038461538462,5.68037598546859
32,11.6923076923077,5.32123310226789
32,12.0192307692308,7.85666549653724
32,13.6730769230769,6.38209667682937
32,14.2692307692308,6.896768419872
33,0.0192307692307692,0.343980118613847
33,1.40384615384615,1.79118044776293
33,2.15384615384615,1.98174073301329
33,3.30769230769231,2.78167959091051
33,4.07692307692308,2.69493929744447
33,5.53846153846154,3.72987865129403
33,6.21153846153846,3.67729522849957
33,7.44230769230769,3.42913824568084
33,8.67307692307693,4.62486055112628
33,9.05769230769231,3.95092087461933
33,10.1923076923077,4.42413626985639
33,11.8653846153846,4.84275941340391
33,12.9423076923077,5.04975758442481
33,13.0961538461538,5.17945865529363
33,14.8846153846154,4.21927894227676
34,0.0192307692307692,1.05191696891995
34,1.36538461538462,1.76289444667387
34,2.44230769230769,2.87191177105523
34,3.09615384615385,3.15757610623128
34,4.46153846153846,3.85945401260592
34,5.78846153846154,4.26160986721924
34,6.59615384615385,4.77419471660266
34,7.71153846153846,5.69055016899726
34,9,6.10915408102933
34,9.01923076923077,5.70726528570034
34,10.5384615384615,5.8449192030521
34,11.7884615384615,5.85905199505698
34,12.7884615384615,6.2378099706843
34,13.1730769230769,6.16158007271562
34,14.2307692307692,6.36317643551814
35,0.0192307692307692,0.78936166913838
35,1.03846153846154,0.916019780473115
35,2.90384615384615,2.68969841716165
35,3.82692307692308,3.23047245866766
35,4.40384615384615,3.99742226759306
35,5.25,3.84559629200733
35,6.59615384615385,3.61323724254828
35,7.01923076923077,4.45002477556111
35,8.61538461538462,5.05385460175313
35,9.96153846153846,5.38740629627343
35,10.9615384615385,4.90097048832771
35,11.2115384615385,5.09494478939845
35,12.8269230769231,5.04946962903039
35,13.5961538461538,5.44088428760519
35,14.6730769230769,5.07495242695473
36,0.0192307692307692,-0.220117153313622
36,1.51923076923077,1.69180907475062
36,2.38461538461538,2.62870293991745
36,3.51923076923077,3.47313877830082
36,4.42307692307692,3.89417032230279
36,5.38461538461539,3.72742676802634
36,6.86538461538462,4.5837033709183
36,7.38461538461539,4.9927290860151
36,8.59615384615385,5.61452126191147
36,9.26923076923077,5.38292804687072
36,10.3846153846154,6.10219174019149
36,11.5384615384615,4.01472081973263
36,12.1153846153846,3.72321089164521
36,13.1153846153846,5.34759669568402
36,14.8076923076923,5.18355117117939
37,0.0192307692307692,1.28963850971961
37,1.63461538461538,2.74478580769295
37,2.67307692307692,2.6990721024734
37,3.05769230769231,3.83259007832051
37,4.21153846153846,4.14918867581218
37,5.67307692307692,6.035322867175
37,6.07692307692308,5.14982831714854
37,7.46153846153846,5.63388595116234
37,8.61538461538462,5.9003164354114
37,9.34615384615385,6.07516788922198
37,10.1923076923077,4.92745746848786
37,11.8461538461538,6.72351829208973
37,12.8461538461538,6.60541769232581
37,13.4230769230769,6.34029961716722
37,14.0384615384615,6.63457609877329
38,0.0192307692307692,-0.0773494862495969
38,1.67307692307692,2.25653082431686
38,2.55769230769231,2.55498107034849
38,3.36538461538462,3.21278162996304
38,4.51923076923077,3.10147951591629
38,5.48076923076923,3.90701966296257
38,6.59615384615385,3.99619891383498
38,7.38461538461539,4.42973908070387
38,8.28846153846154,4.28159320286965
38,9.55769230769231,3.75001961866508
38,10.0576923076923,4.93921739597642
38,11.0769230769231,4.43225771857542
38,12.2884615384615,4.27848458089472
38,13.75,5.1414538980024
38,14.3653846153846,4.95424195131661
39,0.0192307692307692,2.16176954766189
39,1.48076923076923,2.54349211434422
39,2.76923076923077,2.18773043034357
39,3.96153846153846,2.84022678500646
39,4.84615384615385,3.32062392979575
39,5.67307692307692,4.05581242878038
39,6.63461538461539,4.18229551154836
39,7.69230769230769,4.2126755331681
39,8.98076923076923,4.33396791125072
39,9.40384615384616,4.0052280943923
39,10.2692307692308,4.90666136857399
39,11.1346153846154,5.24218073400948
39,12.3846153846154,5.69230560087896
39,13.6346153846154,4.92083369202947
39,14.0576923076923,5.27604603513168
40,0.0192307692307692,0.873999687807803
40,1.57692307692308,1.61722190398614
40,2.80769230769231,2.41333709518368
40,3.01923076923077,2.79787472131858
40,4.82692307692308,4.54052595139345
40,5.75,3.71663843698558
40,6.21153846153846,4.98519625156549
40,7.73076923076923,4.55746343295904
40,8.53846153846154,4.70656966705392
40,9.57692307692308,5.13789047945185
40,10.8653846153846,5.39830709190783
40,11.1923076923077,4.66041216575322
40,12.4615384615385,5.10569350533757
40,13.5576923076923,4.68836718561466
40,14.2692307692308,4.6978168740477
41,0.0192307692307692,-0.333361175957692
41,1.75,2.06739405112645
41,2.96153846153846,3.81912300469314
41,3.53846153846154,4.14832809547537
41,4.88461538461539,5.37204912093306
41,5.59615384615385,5.55913587413718
41,6.15384615384615,5.73140498012887
41,7.15384615384615,6.75040862150562
41,8.19230769230769,6.78653849569394
41,9.11538461538462,6.25597551976673
41,10.3269230769231,6.73792351062975
41,11.6153846153846,7.26957193729605
41,12.2884615384615,7.98111753987016
41,13.9615384615385,8.40956242517072
41,14.8846153846154,7.82936847204088
42,0.0192307692307692,-3.04781790465423
42,1.38461538461538,-2.5007355943314
42,2.25,-2.55698470021037
42,3.15384615384615,-1.58176318661898
42,4.76923076923077,-1.4462131259482
42,5.71153846153846,-2.90535752865635
42,6.25,-2.88053002262387
42,7.53846153846154,-2.4211742544644
42,8.61538461538462,-1.4272069413502
42,9.59615384615385,-1.1769749339591
42,10.75,-1.20403576457956
42,11.7884615384615,-0.694891412351064
42,12.9423076923077,-0.189900058282694
42,13.4423076923077,-0.652936645400476
42,14.3461538461538,-0.512235524843316
43,0.0192307692307692,-0.424503387406162
43,1.98076923076923,2.26192211534927
43,2.73076923076923,1.99778413484222
43,3.01923076923077,2.67625417356435
43,4.71153846153846,3.47594179856117
43,5.28846153846154,4.10953597496522
43,6.36538461538462,3.42129726798333
43,7.17307692307692,4.42320596101786
43,8.65384615384616,4.19791693660965
43,9.42307692307693,4.70502791879921
43,10.3461538461538,3.61297872080293
43,11.8461538461538,4.64093607640173
43,12.1538461538462,4.61838913500285
43,13.2692307692308,4.71576943744504
43,14.7884615384615,4.77775823527259
44,0.0192307692307692,-3.01338337473355
44,1.44230769230769,-2.45035976585735
44,2.36538461538462,-1.31992630552171
44,3.55769230769231,-0.585897136380399
44,4.01923076923077,0.178474037212032
44,6,-0.0861780894468539
44,6.07692307692308,0.0624221404069695
44,7.61538461538462,1.4988106881907
44,8.07692307692308,0.780251036692652
44,9.55769230769231,1.82336689006011
44,10.0576923076923,1.83888360281246
44,11.3461538461538,2.03692235430319
44,12.75,1.6827907164893
44,13.6346153846154,1.56070846424331
44,14.8846153846154,1.96219317429811
45,0.0192307692307692,-0.474759109374647
45,1.21153846153846,0.897894641793449
45,2.26923076923077,2.81621233011216
45,3.5,3.92436713866479
45,4.55769230769231,4.74890256423628
45,5.01923076923077,5.26681427073243
45,6.21153846153846,5.70800230767781
45,7.71153846153846,6.77807252992268
45,8.19230769230769,6.36557859976583
45,9.13461538461539,6.78955130193049
45,11,8.08262510677806
45,11.3653846153846,7.0161460151171
45,13,7.91589994264487
45,13.8846153846154,8.00208372511536
45,14.7692307692308,8.81684075075475
46,0.0192307692307692,1.49347961503535
46,1.94230769230769,2.54928008133745
46,2.76923076923077,2.95832637857247
46,3.69230769230769,3.98349076170304
46,4.73076923076923,4.06383326135258
46,5.21153846153846,3.26315786348545
46,6.94230769230769,4.4832467055561
46,7.71153846153846,3.79702276849052
46,8.11538461538462,4.43890243980527
46,9.46153846153846,4.69313668822087
46,10.5192307692308,4.37761914955555
46,11.9615384615385,3.46629643503294
46,12.5769230769231,4.03389209442398
46,13.1730769230769,4.55047309554738
46,14.6730769230769,4.17558198989624
47,0.0192307692307692,-1.19137478186438
47,1.51923076923077,1.39597571030879
47,2.26923076923077,2.1249056798267
47,3.92307692307692,3.38849421175125
47,4.28846153846154,3.35766827216052
47,5.51923076923077,3.91799415986029
47,6.26923076923077,4.39594484249848
47,7.38461538461539,5.15232806834904
47,8.32692307692308,5.53327044087507
47,9.76923076923077,4.66976362717135
47,10.2307692307692,6.11765416081632
47,11.4230769230769,6.47883276367113
47,12.1538461538462,6.15772602663218
47,13.4230769230769,6.99188916274423
47,14.1730769230769,7.0760569721543
48,0.0192307692307692,-0.031102942954305
48,1.26923076923077,1.33906605147471
48,2.84615384615385,2.92174396613257
48,3.26923076923077,2.71853165578879
48,4.36538461538462,3.01591615788857
48,5.38461538461539,3.31028808257074
48,6.75,4.23628502796517
48,7.34615384615385,3.87031415246491
48,8.19230769230769,3.82716574052334
48,9.42307692307693,4.55430304140994
48,10.1730769230769,4.24936528964405
48,11.1730769230769,4.65330682038861
48,12.9423076923077,4.19048879293233
48,13.8461538461538,4.47223647345881
48,14.3653846153846,4.94089565268554
49,0.0192307692307692,0.193209859966048
49,1.03846153846154,1.80798840925366
49,2.92307692307692,2.28372243975793
49,3.67307692307692,2.35318051329395
49,4.03846153846154,2.46647030388235
49,5.38461538461539,2.57277715094215
49,6.61538461538462,3.04837040200132
49,7.59615384615385,3.211899785314
49,8.55769230769231,2.62630012735188
49,9.40384615384616,3.55276305433888
49,10.0961538461538,3.2923783038657
49,11.9615384615385,3.39256327143009
49,12.2307692307692,4.13443518290734
49,13.6923076923077,4.04407173086148
49,14.8269230769231,3.72825176356477
50,0.0192307692307692,-0.13322934186185
50,1.44230769230769,1.48517595132513
50,2.94230769230769,2.26786975447655
50,3.59615384615385,3.08577093800051
50,4.55769230769231,3.36576259216406
50,5.55769230769231,3.73073710006726
50,6.94230769230769,4.35483384437249
50,7.38461538461539,3.88063157030731
50,8.71153846153846,3.74009681434598
50,9.25,3.82958846227558
50,10.6923076923077,4.32141932228121
50,11.5769230769231,4.25963289118254
50,12.0961538461538,4.63862044133295
50,13.9230769230769,4.14974056669325
50,14.6153846153846,4.19037393455322
51,0.0192307692307692,2.22477085000787
51,1.11538461538462,2.61156623324008
51,2.38461538461538,3.19045427118742
51,3.17307692307692,3.67073097480709
51,4.78846153846154,4.15399610549642
51,5.19230769230769,4.9253283099948
51,6.30769230769231,4.31964383240369
51,7.11538461538462,4.46789420121489
51,8.36538461538462,4.52242770722243
51,9.46153846153846,4.15862066262059
51,10.3269230769231,3.74663301179586
51,11.9038461538462,4.80953723663363
51,12.3269230769231,4.47251775806182
51,13.3269230769231,4.85616904652768
51,14.8269230769231,4.8311734991219
52,0.0192307692307692,1.61651140294514
52,1.96153846153846,3.87237358930316
52,2.15384615384615,4.14041219670512
52,3.96153846153846,4.46125009494842
52,4.80769230769231,4.38687070092226
52,5.48076923076923,4.70602680347594
52,6.03846153846154,4.81396729810328
52,7.25,4.98860420414178
52,8.17307692307693,4.91513466129681
52,9.65384615384616,5.35785283334803
52,10.2884615384615,5.72158423084084
52,12,5.76314126749994
52,12.5576923076923,6.22962423526236
52,13.8076923076923,6.65657180268789
52,14.1153846153846,6.21173027404194
53,0.0192307692307692,0.817471974959096
53,1.07692307692308,2.21566336282843
53,2.73076923076923,2.67889302019928
53,3.17307692307692,2.74211332398655
53,4.25,3.07910521062399
53,5.17307692307692,3.55331498569633
53,6.21153846153846,4.80601502129027
53,7.53846153846154,4.96257230669282
53,8.80769230769231,5.44978926323323
53,9.05769230769231,5.03419481263262
53,10.9807692307692,4.67200483938193
53,11.0384615384615,5.50664103594312
53,12.1153846153846,4.69479421947742
53,13.1730769230769,6.39364887731379
53,14.5769230769231,5.84750701731962
54,0.0192307692307692,-1.25416991309191
54,1.57692307692308,-0.0166977100751996
54,2.53846153846154,0.660746233723184
54,3.01923076923077,1.08760654968813
54,4.34615384615385,0.646554123165379
54,5.46153846153846,1.65221022104166
54,6.78846153846154,1.81333702667088
54,8,1.63157406763316
54,9,1.40529012044269
54,9.5,1.99197900617829
54,10.3653846153846,2.47859948666003
54,11.5576923076923,2.25306208616008
54,12.1730769230769,2.08921410997124
54,13.6153846153846,2.50875347196351
54,14.7692307692308,3.49389144287936
55,0.0192307692307692,0.57794609507814
55,1.03846153846154,0.90052489589796
55,2.92307692307692,2.96764254659547
55,3.51923076923077,2.76865963574847
55,4.46153846153846,3.0357713661513
55,5.73076923076923,3.16148249264381
55,6.44230769230769,4.16273325824357
55,7.76923076923077,4.59481823107447
55,8.13461538461539,5.17301865088736
55,9.98076923076923,5.15847505111404
55,10.4615384615385,5.11732820104204
55,11.5961538461538,5.26295171658793
55,12.0961538461538,4.6831946249172
55,13.7115384615385,4.60948297945754
55,15,5.56959730962361
56,0.0192307692307692,-0.731304882517625
56,1.59615384615385,0.405672690958629
56,2.01923076923077,1.09927906325486
56,3.5,1.06559146009805
56,4.80769230769231,2.44637657069107
56,5.80769230769231,1.84806629510177
56,6.30769230769231,2.66313009123512
56,7.17307692307692,3.12375060508911
56,8.23076923076923,3.53727537265731
56,9.07692307692308,3.04103425278004
56,10.0384615384615,2.84957912373887
56,11.2692307692308,3.15851784948183
56,12.75,2.62009663513402
56,13.3076923076923,2.73772598381954
56,14.4038461538462,2.73477561842089
57,0.0192307692307692,1.86586651394514
57,1.53846153846154,2.81080385324045
57,2.86538461538462,2.69786619105803
57,3.80769230769231,3.22299452013233
57,4.61538461538462,3.79459420398559
57,5.76923076923077,3.8083140736015
57,6.76923076923077,4.82669064725098
57,7.21153846153846,4.91692462031756
57,8.40384615384616,4.00345176932477
57,9.75,4.94035016301321
57,10.7307692307692,4.74396025430847
57,11.4038461538462,4.66511034628773
57,12.5769230769231,4.3512957282119
57,13.6730769230769,4.84923140304137
57,14.3076923076923,5.17487312573429
58,0.0192307692307692,-0.22206345391611
58,1.80769230769231,1.24443026555719
58,2.01923076923077,0.576738326070969
58,3.96153846153846,2.02524781055371
58,4.61538461538462,2.15260422109288
58,5.63461538461539,2.32857087508245
58,6.53846153846154,3.1364398757402
58,7.36538461538462,2.98957469248545
58,8.09615384615385,3.29036188165064
58,9.30769230769231,2.88740466859756
58,10.0961538461538,3.45297786123207
58,11.4615384615385,2.99715398601061
58,12.5384615384615,3.04229421188609
58,13.7692307692308,3.8431216792977
58,14.5769230769231,3.44053085587239
59,0.0192307692307692,-0.719383691946768
59,1.26923076923077,0.644525382852228
59,2.88461538461538,2.27638185522346
59,3.05769230769231,2.05161842805068
59,4.32692307692308,3.2923757929968
59,5.84615384615385,3.33231395865552
59,6.17307692307692,3.73708300920022
59,7.65384615384615,3.46675592408232
59,8.01923076923077,3.44898862219802
59,9.46153846153846,3.25245913664925
59,10.3461538461538,3.87071878605906
59,11.5576923076923,3.40942125597427
59,12.5769230769231,4.09004994665533
59,13.0192307692308,4.30751207693401
59,14.5,3.09589110915487
60,0.0192307692307692,2.19417732336324
60,1.73076923076923,3.36009883482172
60,2.57692307692308,3.19107378339855
60,3.90384615384615,4.06657984352582
60,4.01923076923077,4.09025247639972
60,5.09615384615385,3.9900764015587
60,6.30769230769231,4.13737004395618
60,7.30769230769231,4.34607293971305
60,9,4.96444959844627
60,9.34615384615385,4.80050122575976
60,10.7115384615385,4.94766448694951
60,11.0192307692308,5.20993754900798
60,12.9038461538462,5.66310513911075
60,13.6730769230769,5.54527606069718
60,14.0576923076923,4.64425688929178
61,0.0192307692307692,0.200850656352435
61,1.92307692307692,0.10925620166145
61,2.09615384615385,-0.0851780077344363
61,3.28846153846154,-0.0671026445798814
61,4.53846153846154,0.862142695172871
61,5.63461538461539,0.286292211782762
61,6.07692307692308,1.01607510289438
61,7.42307692307692,0.565509257729186
61,8.40384615384616,0.48023024959304
61,9.94230769230769,1.32846210472996
61,10.8076923076923,1.48040677396311
61,11.6923076923077,0.864635491789449
61,12.5,1.14649582204787
61,13.4423076923077,1.92085054635146
61,14.75,1.57098617824655
62,0.0192307692307692,1.78136094741533
62,1.55769230769231,1.59957028462978
62,2.25,2.28521991454674
62,3.63461538461538,2.70815348232718
62,4.36538461538462,3.00607810155959
62,5.30769230769231,3.50605273631887
62,6.30769230769231,3.23166751732913
62,7.67307692307692,3.60098600238118
62,8.01923076923077,3.93797520018949
62,9.80769230769231,4.26946371838006
62,10.3846153846154,3.23094198886085
62,11.2692307692308,3.94659654420072
62,12.9807692307692,4.37827635009721
62,13.2115384615385,3.7100074124899
62,14.4615384615385,3.76991483300366
63,0.0192307692307692,-0.148816917451661
63,1.46153846153846,1.66066578812171
63,2.05769230769231,2.47734010439007
63,3.73076923076923,2.89845814921517
63,4.53846153846154,3.78335128752386
63,5.03846153846154,4.17382788398079
63,6.61538461538462,5.27269334314714
63,7.23076923076923,4.5115714747815
63,8.96153846153846,5.33092455135213
63,9.96153846153846,5.48366421084918
63,10.0576923076923,5.81692439778447
63,11.7115384615385,5.44713054294679
63,12.2115384615385,5.97430824845721
63,13.1730769230769,6.37664152506971
63,14.0384615384615,6.03124596694126
64,0.0192307692307692,-0.462583150039464
64,1.40384615384615,0.991813323932299
64,2.30769230769231,1.71437327192892
64,3.07692307692308,2.63563857881853
64,4.23076923076923,3.688512316111
64,5.92307692307692,4.51610956083139
64,6.42307692307692,5.14485573957615
64,7.46153846153846,4.90919273820699
64,8.05769230769231,5.2105204184347
64,9.5,4.81084364267487
64,10.4230769230769,5.87168733809321
64,11.9615384615385,5.73528226181738
64,12.9423076923077,5.4356962058876
64,13.7884615384615,5.96883561478415
64,14.5,5.41408395918616
65,0.0192307692307692,1.19779765228519
65,1.71153846153846,1.97065035966506
65,2.03846153846154,1.70280309065872
65,3.82692307692308,3.096510537608
65,4.73076923076923,3.46542577721055
65,5.09615384615385,3.29363986499626
65,6.32692307692308,4.15824396754854
65,7.86538461538462,3.83423871439076
65,8.05769230769231,3.71410505033169
65,9.21153846153846,4.22491285877101
65,10.4038461538462,4.69918677616614
65,11.6538461538462,4.42593094531836
65,12.2692307692308,4.19710137611338
65,13.4230769230769,4.45897260266494
65,14.4423076923077,4.8394455000321
66,0.0192307692307692,-1.17298573732629
66,1.51923076923077,0.362606193018858
66,2.44230769230769,1.26488240767968
66,3.46153846153846,1.71503258819472
66,4.42307692307692,2.83272410021893
66,5.46153846153846,2.63556774386972
66,6.32692307692308,3.22694119617147
66,7.51923076923077,3.35906954145334
66,8.61538461538462,3.50467345367962
66,9.38461538461539,3.47338391552699
66,10.6730769230769,4.14719361817839
66,11.9038461538462,3.71156507961654
66,12.2115384615385,4.40314137931993
66,13.7692307692308,3.82308981744556
66,14.7692307692308,3.97642846392333
67,0.0192307692307692,-0.628801699376049
67,1.76923076923077,0.933611244566186
67,2.40384615384615,0.240985079399409
67,3.78846153846154,1.18517847532745
67,4.90384615384615,2.46077792296848
67,5.32692307692308,2.0803441664291
67,6.51923076923077,2.88054710019795
67,7.46153846153846,2.71633701725602
67,8.42307692307693,2.20419096982111
67,9.61538461538462,3.615216773659
67,10.4615384615385,3.62509655939079
67,11.1923076923077,4.00018648975914
67,12.4615384615385,4.19764686768536
67,13.8269230769231,4.69964840453745
67,15,4.5807258369643
68,0.0192307692307692,1.48126476219009
68,1.53846153846154,3.04171597911491
68,2.80769230769231,3.39065023947864
68,3.38461538461538,3.3125969366203
68,4.65384615384615,3.67048673571138
68,5.51923076923077,4.38012415549506
68,6.57692307692308,3.91582948642736
68,7.21153846153846,4.21895953278603
68,8.88461538461539,4.6316616323381
68,9.75,5.34855419092419
68,10.9615384615385,4.89719173339217
68,11.0961538461538,5.20097215124982
68,13,6.41206527850792
68,13.3846153846154,5.38631434671818
68,14.9615384615385,5.46830281955769
69,0.0192307692307692,0.77685942788658
69,1.69230769230769,3.59336694939202
69,2.21153846153846,3.19950468300973
69,4,4.67661276143262
69,4.42307692307692,4.60245716941883
69,5.94230769230769,5.59098387629296
69,6.30769230769231,4.86272977667607
69,7.57692307692308,4.65125233197026
69,8.82692307692308,5.45824705111723
69,9.78846153846154,6.0614821595495
69,10.7692307692308,5.51703520173043
69,11.2692307692308,6.42489193481966
69,12.4615384615385,6.25642823054764
69,13.9615384615385,5.4808653464282
69,14.5384615384615,5.98887095560651
70,0.0192307692307692,-0.934293335520648
70,1.28846153846154,0.308098169829283
70,2.5,-0.0856503430351658
70,3.90384615384615,1.8754085053886
70,4.61538461538462,1.60623027481591
70,5.03846153846154,1.4920102581133
70,6.09615384615385,2.75568211186126
70,7.28846153846154,1.90153694327573
70,8.40384615384616,3.0910972119125
70,9.03846153846154,2.53604042686497
70,10.5,3.31806656527984
70,11.0576923076923,2.97111518560425
70,12.2115384615385,3.2482098864919
70,13.1538461538462,3.70530965485685
70,14.5192307692308,3.51459486159206
71,0.0192307692307692,-0.235141996706108
71,1.07692307692308,0.00277533396898404
71,2.26923076923077,0.268942493880229
71,3.01923076923077,0.923816192755281
71,4.84615384615385,1.58960439182946
71,5.57692307692308,1.38317574136098
71,6.88461538461539,2.2304908701034
71,7.76923076923077,2.06842069503028
71,8.63461538461539,1.95764695719459
71,9.61538461538462,2.33628790130185
71,10.9807692307692,2.63608720709075
71,11.5576923076923,3.38643203998659
71,12.0576923076923,3.00285793668127
71,13.8269230769231,1.83618680914259
71,14.2307692307692,2.99939263569331
72,0.0192307692307692,0.218649986105578
72,1.46153846153846,0.905316186604301
72,2.73076923076923,2.44560626831434
72,3.48076923076923,2.6311037177606
72,4.57692307692308,2.73241861986287
72,5.86538461538462,4.24160968012166
72,6.78846153846154,3.62901245160723
72,7.36538461538462,3.74838769418045
72,8.03846153846154,4.65366722591061
72,9.03846153846154,4.83796733319108
72,10.4230769230769,5.09884664977847
72,11.8269230769231,5.35748327279269
72,12.9230769230769,5.11009666491668
72,13.6923076923077,4.85508710698975
72,14.6153846153846,5.02649541799844
73,0.0192307692307692,-0.0110180785454753
73,1.80769230769231,2.10672448486096
73,2.09615384615385,1.69062310326528
73,3.78846153846154,4.01792241073113
73,4.15384615384615,4.29410112460208
73,5.82692307692308,4.37940043415319
73,6.19230769230769,5.41077763504459
73,7.26923076923077,5.27048689659763
73,8.94230769230769,5.70931388853253
73,9.51923076923077,6.06648930713025
73,10.7692307692308,5.91516740489473
73,11.0576923076923,6.11875204840285
73,12.0769230769231,6.81569736519659
73,13.75,6.66337965326698
73,14.6730769230769,6.80049503013609
74,0.0192307692307692,-0.102466088532467
74,1.53846153846154,1.91760523605607
74,2.67307692307692,2.58097393394385
74,4,3.24606987633778
74,4.05769230769231,3.09523227880083
74,5.59615384615385,3.87416559966418
74,6.94230769230769,4.6567193722332
74,7.32692307692308,4.15410704241555
74,8.92307692307693,4.64991015274001
74,9.48076923076923,5.04843037427726
74,10.0961538461538,4.87068411006225
74,11.3653846153846,4.17809595688697
74,12.1346153846154,4.14245838224666
74,13.2307692307692,4.50346615392654
74,14.8461538461538,4.75099205725908
75,0.0192307692307692,0.748303574799398
75,1.94230769230769,1.73745414412885
75,2.40384615384615,2.17600127174839
75,3.46153846153846,3.13249819567208
75,4.23076923076923,3.0527630287633
75,5.92307692307692,3.81562740055161
75,6.53846153846154,3.53652198807313
75,7.96153846153846,3.49707568399905
75,8.40384615384616,3.93660687331258
75,9.76923076923077,3.43311902877976
75,10.3846153846154,4.25770975812404
75,11.5961538461538,4.06240243448018
75,12.9423076923077,4.50058779005791
75,13.4230769230769,5.05915027695957
75,14.9423076923077,4.38994220714082
76,0.0192307692307692,1.45746243416863
76,1.44230769230769,2.0536882647009
76,2.59615384615385,2.42068714957378
76,3.78846153846154,3.41178982099357
76,4.11538461538462,2.94642256786034
76,5.07692307692308,2.93104612549441
76,6.51923076923077,3.81899410581719
76,7.76923076923077,3.32739814707909
76,8.78846153846154,4.20439972769801
76,9.28846153846154,3.34539345442482
76,10.8076923076923,4.27355653642761
76,11.7692307692308,3.53167503281733
76,12.7884615384615,4.18833417660115
76,13.7884615384615,4.00420701904528
76,14.4230769230769,4.06573585836396
77,0.0192307692307692,1.1480568232584
77,1.96153846153846,3.56100462055164
77,2.19230769230769,3.45434411980361
77,3.82692307692308,5.15546771260429
77,4.05769230769231,5.12191016435777
77,5.21153846153846,5.56538953308457
77,6.11538461538462,5.28563303582918
77,7.71153846153846,6.33465690675118
77,8.51923076923077,6.4974735910644
77,9.5,7.30483231311467
77,10.1730769230769,7.81053674620931
77,11.2307692307692,6.99052811009787
77,12.8846153846154,6.73376565509207
77,13.5,6.89118186718771
77,14.0961538461538,6.76020662877719
78,0.0192307692307692,-0.776111052734081
78,1.78846153846154,0.840216083163343
78,2.71153846153846,1.40126348534889
78,3.98076923076923,1.88576462650343
78,4.92307692307692,3.19339471024814
78,5.80769230769231,3.30775083117545
78,6.15384615384615,3.06009346818999
78,7.25,2.87486151802934
78,8.53846153846154,3.38478916512736
78,9.76923076923077,3.89020286985374
78,10.5384615384615,4.37618993753137
78,11.7884615384615,5.17584465767447
78,12.0961538461538,4.6824757275268
78,13.25,4.40326030358278
78,14.4038461538462,4.61813179613975
79,0.0192307692307692,-0.647850984146218
79,1.92307692307692,1.11612717901283
79,2.03846153846154,1.40893045519275
79,3.73076923076923,1.96004952831236
79,4.11538461538462,2.82173373221914
79,5.15384615384615,3.64245820980799
79,6.53846153846154,3.4607660952276
79,7.78846153846154,4.0305044218309
79,8.46153846153846,4.8635546311117
79,9.80769230769231,4.97800722930443
79,10.6730769230769,5.04168223428672
79,11.2115384615385,4.67686301157404
79,12.8461538461538,4.6550147338982
79,13.2307692307692,5.28579964788401
79,14.5576923076923,4.60729408070428
80,0.0192307692307692,-1.3800442019768
80,1.82692307692308,0.82111135235068
80,2.73076923076923,2.80487784109229
80,3.26923076923077,2.75041060079363
80,4.78846153846154,3.9866464219398
80,5.84615384615385,4.49412048506
80,6.75,4.72626871149127
80,7.96153846153846,4.60840257244488
80,8.21153846153846,4.98695130923881
80,9.61538461538462,5.09501317603703
80,10.2884615384615,5.43780736233089
80,11.5769230769231,4.8364567246112
80,12.0576923076923,5.1537614427119
80,13.8269230769231,6.46156898957957
80,14.1346153846154,6.6742470240402
81,0.0192307692307692,-1.24711851249132
81,1.32692307692308,-0.875491361148934
81,3,0.0200839179985943
81,3.13461538461538,-0.670758338544085
81,4.01923076923077,-0.497642866858876
81,5.38461538461539,0.243037584849318
81,6.44230769230769,1.06896750094232
81,7.5,0.506911618186422
81,8.57692307692308,0.861782536102802
81,9.94230769230769,1.08894491562662
81,10.7115384615385,1.01483481491334
81,11.9230769230769,0.702881900691311
81,12.6923076923077,1.44155442937842
81,13.1730769230769,1.46081484143812
81,14.6730769230769,1.63430327288559
82,0.0192307692307692,0.602025391249372
82,1.11538461538462,0.868969699273179
82,2.36538461538462,1.2638573680657
82,3.96153846153846,2.1694950279829
82,4.76923076923077,2.57018698371324
82,5.73076923076923,2.59556877619097
82,6.25,3.03573422515804
82,7.76923076923077,3.00798548108334
82,8.75,5.21551612874815
82,9.82692307692308,4.39761800986231
82,10.0192307692308,5.025654360543
82,11.3076923076923,5.22856023845422
82,12.4423076923077,5.23369938742016
82,13.4423076923077,4.50662025261322
82,14.1923076923077,4.96363270170863
83,0.0192307692307692,-0.92695260348425
83,1.15384615384615,-0.640939881317347
83,2.26923076923077,0.412091381937937
83,3.38461538461538,-1.27776247367599
83,4.28846153846154,-0.324829593360273
83,5.90384615384615,0.200447285034639
83,6.96153846153846,0.385198908772998
83,7.13461538461539,1.47993150087786
83,8.69230769230769,1.02031669435139
83,9.92307692307693,1.59561538363465
83,10.3269230769231,2.26348550297846
83,11.9807692307692,1.2376486287857
83,12.1153846153846,1.81401227986055
83,13.25,1.38681932276981
83,14.0576923076923,2.60259017018721
84,0.0192307692307692,-1.4417925084826
84,1.07692307692308,-0.229529343814176
84,2.67307692307692,0.446944258964683
84,3.94230769230769,0.861656708585613
84,4.94230769230769,1.27231377915423
84,5.65384615384615,1.07050056832403
84,6.69230769230769,1.63825693283901
84,8,1.99327638043007
84,8.98076923076923,1.62320050641673
84,9.51923076923077,1.2417564549709
84,10.5192307692308,1.67566223928991
84,11.2307692307692,1.15211163756381
84,12.0192307692308,1.72034979052057
84,13.2692307692308,1.2839282688994
84,14.1153846153846,1.93059824790893
85,0.0192307692307692,-1.22961033914182
85,1.86538461538462,1.12745741628929
85,2.26923076923077,2.2937539560673
85,3.61538461538462,3.06863788719869
85,4.05769230769231,3.00177914797813
85,5.38461538461539,3.99919310891519
85,6.63461538461539,4.71716574315681
85,7.53846153846154,4.59711287422018
85,8.26923076923077,5.42611909462017
85,9.86538461538462,4.65721187474787
85,10.6730769230769,5.09924315277845
85,11.9423076923077,5.65107606535977
85,12.5961538461538,6.00338981412596
85,13.8076923076923,5.61086905526054
85,14.6730769230769,5.70935646461752
86,0.0192307692307692,0.806813079017303
86,1.36538461538462,2.05829241983376
86,2.78846153846154,3.48496979245391
86,3.38461538461538,4.09166322402307
86,4.15384615384615,4.36568133972525
86,5.44230769230769,4.22941414551177
86,6.40384615384615,5.60170269003203
86,7.25,4.89712429094872
86,8.44230769230769,4.91801253413818
86,9.75,6.32283848738509
86,10.4038461538462,6.37344366825852
86,11.2884615384615,5.65630133158845
86,12.5769230769231,5.4744530719813
86,13.9230769230769,5.23444801246351
86,14.8269230769231,5.61243074093271
87,0.0192307692307692,1.12556121468334
87,1.17307692307692,1.45578471233229
87,2.94230769230769,3.43245582758366
87,3.53846153846154,3.17656103753033
87,4.90384615384615,4.33500389278686
87,5.48076923076923,4.84854512150926
87,6.53846153846154,4.47537881803571
87,7.80769230769231,5.68079051987002
87,8.82692307692308,5.64640879152555
87,9.17307692307693,6.67828359388734
87,10.6153846153846,7.12607985361118
87,11.2884615384615,6.611895173135
87,13,7.14744046992507
87,13.0769230769231,7.99571035959608
87,14.5576923076923,6.61766253405693
88,0.0192307692307692,0.392866040820088
88,1.5,0.825066297822043
88,2.59615384615385,0.825762357089858
88,3.30769230769231,1.35044742738034
88,4.46153846153846,1.71569872211911
88,5.13461538461539,2.28729172329762
88,6.82692307692308,2.38889203763615
88,7.15384615384615,2.73244108950495
88,8.34615384615385,2.51478562358328
88,9.90384615384616,3.06269325165352
88,10.4038461538462,3.5648547495814
88,11.8653846153846,3.67395353054667
88,12.8461538461538,3.22177892139313
88,13.9038461538462,3.52832200657403
88,14.6346153846154,4.3361995074575
89,0.0192307692307692,0.0747182518462553
89,1.19230769230769,2.04848634153077
89,2.96153846153846,3.66707504173204
89,3.32692307692308,4.62383680989634
89,4.88461538461539,4.86877000622338
89,5.78846153846154,5.47265699663588
89,6.84615384615385,5.89688052559901
89,7.25,6.18240607533003
89,8.65384615384616,6.49639259187558
89,9.73076923076923,6.40064017318993
89,10.4615384615385,7.40470760987269
89,11.7692307692308,7.03274707855957
89,12.1346153846154,7.12057125598737
89,13.9423076923077,6.93288242616335
89,14.8653846153846,7.06366320576816
90,0.0192307692307692,-0.0728392704682071
90,1.42307692307692,1.88187362190482
90,2.80769230769231,3.31286493311443
90,3.44230769230769,3.651448289336
90,4.40384615384615,4.69436712974429
90,5.65384615384615,5.20054054940238
90,6.36538461538462,5.44342147195014
90,7.23076923076923,6.42499551366671
90,8.69230769230769,6.25832240017461
90,9.03846153846154,6.69609358375598
90,10.7307692307692,5.56724192704123
90,11.7115384615385,6.38013665635467
90,12.8846153846154,7.23978301673975
90,13.1153846153846,6.92608598612685
90,14.0961538461538,7.50378572859297
91,0.0192307692307692,0.305146005955284
91,1.30769230769231,1.03731952420011
91,2.40384615384615,2.10659012901129
91,3.17307692307692,1.84617134570837
91,4.86538461538462,2.58939707737246
91,5.36538461538462,3.47574028330546
91,6.23076923076923,2.78592939017887
91,7.21153846153846,3.8083244608992
91,8.76923076923077,4.38993962563156
91,9.01923076923077,4.57815068290637
91,10.9807692307692,5.10918953479803
91,11.0769230769231,4.8923959090638
91,12.4615384615385,4.3713301611847
91,13.5192307692308,4.98237534874172
91,14.7884615384615,5.22343892467098
92,0.0192307692307692,1.07841878647077
92,1.34615384615385,1.70136211889631
92,2.32692307692308,1.99995840669099
92,3.71153846153846,2.22178381913654
92,4.90384615384615,3.06690294015536
92,5.09615384615385,3.44835518606131
92,6.28846153846154,3.69454570997324
92,7.73076923076923,4.05961195502221
92,8.69230769230769,4.13739176982482
92,9.34615384615385,4.16844933425912
92,10.2692307692308,3.82035991318065
92,11.5192307692308,4.06786753416961
92,12.4807692307692,3.96388087427233
92,13.5,4.13324202761083
92,14.7884615384615,4.26554335684953
93,0.0192307692307692,-0.36861755740643
93,1.63461538461538,0.032631532618816
93,3,0.596341832401269
93,3.80769230769231,1.37903702543068
93,4.03846153846154,1.43099386813657
93,5.57692307692308,2.17338950842491
93,6.73076923076923,1.50016905884195
93,7.21153846153846,2.27917672908618
93,8.40384615384616,2.95021224431298
93,9.36538461538462,3.32337823926428
93,10.1923076923077,3.52034878586358
93,11.8076923076923,3.1312058581385
93,12.9807692307692,3.51931786715258
93,13.5192307692308,3.67960477891087
93,14.2115384615385,3.60543481279371
94,0.0192307692307692,1.53178923851904
94,1.44230769230769,2.94432494605429
94,2.96153846153846,3.69063174341239
94,3.71153846153846,4.50187391820907
94,4.42307692307692,5.28631538262969
94,5.34615384615385,6.20653863396206
94,6.30769230769231,6.13838023395886
94,7.30769230769231,6.28280611868441
94,8.84615384615385,6.67318574838678
94,9.80769230769231,7.24731088658398
94,10.2115384615385,6.95554847783469
94,11.6730769230769,7.41899242614744
94,12.2692307692308,7.1362074380489
94,13.6346153846154,6.96919728974497
94,14.75,7.41105503864575
95,0.0192307692307692,0.176947933811679
95,1.11538461538462,1.3658119549497
95,2.84615384615385,3.27840907356529
95,3.90384615384615,3.51760322491791
95,4.15384615384615,3.32155495610072
95,5.96153846153846,3.95973932382328
95,6.67307692307692,4.47075154775906
95,7.55769230769231,5.31204760410776
95,8.59615384615385,4.73383636865354
95,9.26923076923077,3.74837084559811
95,10.9615384615385,5.03851031575451
95,11.25,5.66170602530323
95,12.4038461538462,5.01384740386075
95,13.3846153846154,5.61399880299578
95,14.5961538461538,4.89974511563213
96,0.0192307692307692,0.994482641395173
96,1.48076923076923,1.7352379268145
96,2.51923076923077,2.02558200908466
96,3.94230769230769,2.90838169397154
96,4.34615384615385,3.51350476001386
96,5.5,3.35310452857935
96,6.11538461538462,3.7259613575303
96,7.98076923076923,4.33666344032678
96,8.36538461538462,4.12923427855201
96,9.88461538461539,4.89536319468981
96,10.9038461538462,4.22871823458422
96,11.75,4.32929058701392
96,12.1153846153846,4.32971814250752
96,13.9230769230769,4.40103753612594
96,14.3653846153846,4.20193442074619
97,0.0192307692307692,-0.509022797822502
97,1.13461538461538,0.190376234944009
97,2.32692307692308,0.91665054957953
97,3.5,3.1126477261245
97,4.98076923076923,2.99174422850519
97,5.53846153846154,2.62139648989136
97,6.55769230769231,2.90510457441103
97,7.28846153846154,3.06079614525727
97,8.15384615384616,3.34726074556517
97,9.38461538461539,4.04479009411183
97,10.4038461538462,3.94019590296771
97,11.2115384615385,3.39094317638109
97,12.6923076923077,3.83518480978735
97,13.5384615384615,3.68399477408309
97,14.8269230769231,3.91947351594326
98,0.0192307692307692,-0.796186929088896
98,1.32692307692308,0.929598563917489
98,2.90384615384615,2.16947095302041
98,3.67307692307692,3.48567395578381
98,4.73076923076923,3.81253625555999
98,5.23076923076923,3.92941596704623
98,6.42307692307692,4.8900818397959
98,7.13461538461539,4.9888619787493
98,8.03846153846154,5.40350426523055
98,10,5.40325655409475
98,10.8653846153846,5.69156437869444
98,11.6346153846154,5.0040852027737
98,12.3846153846154,5.68644813131755
98,13.3461538461538,5.82972814967846
98,14.7115384615385,6.26653388496287
99,0.0192307692307692,-1.5709713632777
99,1.15384615384615,0.415547149914425
99,2.84615384615385,0.427459342154354
99,3.01923076923077,0.754686957955405
99,5,1.56197199855961
99,5.63461538461539,2.12049698610716
99,6.61538461538462,2.07531548968817
99,7.21153846153846,2.02727425647665
99,8.09615384615385,2.7419344283402
99,9.42307692307693,2.70499381756892
99,10.2307692307692,2.38424552278573
99,11.9807692307692,2.46949168545906
99,12.8846153846154,2.65366179253333
99,13.4615384615385,3.26298554551646
99,14.4230769230769,2.76290550439185
100,0.0192307692307692,-1.60333729578096
100,1.44230769230769,0.247587301027183
100,2.19230769230769,1.10826590887701
100,3.65384615384615,2.35835467838653
100,5,2.58407180569713
100,5.90384615384615,5.24585979081635
100,6.94230769230769,5.52397769653598
100,7.19230769230769,5.74036831167506
100,8.59615384615385,5.69784633919991
100,9.01923076923077,6.38642332113821
100,10.9230769230769,6.57879206489838
100,11.0576923076923,6.35611307820066
100,12.3076923076923,6.56074227530318
100,13.8846153846154,6.37881812003274
100,14.5961538461538,5.99006624070701
101,0.0192307692307692,-0.48774265644313
101,1.98076923076923,0.667122772504679
101,2.86538461538462,1.14086206319096
101,3.30769230769231,1.30162794696534
101,4.92307692307692,2.10995707665248
101,5.51923076923077,2.91776527869618
101,6.55769230769231,3.2678695245026
101,7.71153846153846,3.29796240091936
101,8.42307692307693,3.75870282381166
101,9.63461538461539,3.27705440958679
101,10.5,3.31705935049274
101,11.1730769230769,4.2205595179464
101,12.3461538461538,4.53341345152026
101,13.1538461538462,4.20559562418952
101,14.8269230769231,4.01415974146062
102,0.0192307692307692,0.477571442457571
102,1.75,1.36293218686413
102,2.01923076923077,2.59616413412547
102,3.36538461538462,2.65003139417522
102,4.26923076923077,2.99184651290865
102,5.05769230769231,3.6284957954196
102,6.05769230769231,2.80041296172845
102,7.63461538461539,3.27826936113931
102,8.26923076923077,3.83689528964422
102,9.80769230769231,3.09034624817371
102,10.7692307692308,3.52720246642378
102,11.0384615384615,3.77840711242045
102,12.25,3.42172912623633
102,13.1923076923077,3.69288886210558
102,14.0769230769231,4.13819697172041
103,0.0192307692307692,-0.924821753858765
103,1.73076923076923,0.721882505244238
103,2.48076923076923,1.06588585071055
103,3.03846153846154,1.45054444748036
103,4.46153846153846,2.44622619570649
103,5.15384615384615,2.85283450179871
103,6.17307692307692,3.00076522702105
103,7.75,3.65815484162446
103,8.55769230769231,3.69568684892232
103,9.59615384615385,4.20765329557071
103,10.3461538461538,4.61821176124534
103,11.9615384615385,5.12709470866002
103,12.7692307692308,4.47483143217539
103,13.9615384615385,4.52417052453271
103,14.3653846153846,4.49826380342397
104,0.0192307692307692,2.10497862355336
104,1.15384615384615,2.80885427380851
104,2.15384615384615,3.35560761267159
104,3.61538461538462,3.2273391744374
104,4.90384615384615,3.75357546059477
104,5.23076923076923,3.51615667751008
104,6.05769230769231,4.44589960988748
104,7.13461538461539,4.97566440551088
104,8.5,4.94061254476034
104,9.82692307692308,4.39020651119354
104,10.3653846153846,4.49399656178014
104,11.5769230769231,5.36289869166081
104,12.3846153846154,4.7519111676403
104,13.5192307692308,5.21561693944084
104,14.7115384615385,5.9153398665739
105,0.0192307692307692,-0.976731633363894
105,1.65384615384615,1.08514127841811
105,2.09615384615385,1.82183687838562
105,3.38461538461538,3.07237424192013
105,4.11538461538462,3.29894146573518
105,5.46153846153846,4.82977809668908
105,6.44230769230769,5.54586243271571
105,7.55769230769231,5.31067491567294
105,8.76923076923077,5.45169390611098
105,9.57692307692308,5.95674878445816
105,10.4230769230769,6.3021220335204
105,11.7115384615385,6.45987648095977
105,12.5576923076923,6.06300689422573
105,13.5961538461538,7.15035359877825
105,14.1923076923077,7.14657116202792
106,0.0192307692307692,0.234895511220976
106,1.42307692307692,1.77190824269866
106,2.88461538461538,3.16810647029021
106,3.40384615384615,4.28147303219876
106,4.67307692307692,4.72838834699627
106,5.19230769230769,5.52774755433181
106,6.71153846153846,5.81421789244447
106,7.84615384615385,5.86903860071861
106,8.92307692307693,6.27296961812863
106,9.82692307692308,6.66895050448619
106,10.4230769230769,7.12609969023535
106,11.5576923076923,7.20486934529197
106,12.1923076923077,7.75863835889576
106,13.3269230769231,8.15070649122422
106,14.3076923076923,7.57719250749257
107,0.0192307692307692,1.17715298635592
107,1.28846153846154,1.26014569511647
107,2.90384615384615,2.82557405698107
107,3.78846153846154,3.07397621885939
107,4.59615384615385,3.30756092383353
107,5.80769230769231,3.1535306759415
107,6.94230769230769,3.16329831984058
107,7.25,3.02222422265598
107,8.28846153846154,3.27642716814764
107,9.90384615384616,3.3906694380763
107,10.8653846153846,3.53065971687377
107,11.3846153846154,3.35682784058015
107,12.2692307692308,4.25829961213672
107,13.3461538461538,3.77214267199359
107,14.5769230769231,4.03581856913497
108,0.0192307692307692,0.0275230100597116
108,1.80769230769231,0.590316527735364
108,2.46153846153846,0.73273758257979
108,3.92307692307692,0.710864914450751
108,4.13461538461539,0.700876124037171
108,5.30769230769231,0.679417477301687
108,6.96153846153846,0.843191525631016
108,7.59615384615385,0.729725587109314
108,8.96153846153846,1.63132552970151
108,9.17307692307693,1.74200512455619
108,10.5769230769231,1.48831520950438
108,11.7884615384615,2.36793079644181
108,12.5769230769231,1.79255971789919
108,13.5384615384615,2.86390983474787
108,15,1.97007233118588
109,0.0192307692307692,0.392839957369095
109,1.84615384615385,1.77710630050949
109,2.40384615384615,2.43397263167099
109,3.21153846153846,3.15897273429332
109,4.55769230769231,1.71711250781519
109,5.38461538461539,2.17868934448133
109,6.07692307692308,2.64147121961073
109,7.69230769230769,3.53970393526464
109,8.48076923076923,3.78872610738473
109,9.61538461538462,4.04618547345974
109,10.7692307692308,4.25895182148609
109,11.1346153846154,5.24167523160088
109,12.6153846153846,4.73798439448333
109,13.7692307692308,4.42020922260728
109,14.5192307692308,5.39082953732586
110,0.0192307692307692,1.02675812077479
110,1.32692307692308,1.5173454678638
110,2.38461538461538,2.94009798390997
110,3.55769230769231,2.64583921040263
110,4.36538461538462,3.02834156886423
110,5.11538461538462,3.04287022513168
110,6.5,4.61781401938592
110,7.23076923076923,3.83516008239393
110,8.88461538461539,4.47330980623158
110,9.82692307692308,4.78720212553434
110,10.8653846153846,3.85594829117469
110,11.75,4.77513123943578
110,12.0961538461538,4.36215563462155
110,13.8269230769231,4.88122066419215
110,14.1538461538462,5.24484784257132
111,0.0192307692307692,0.124215372847351
111,1.63461538461538,1.91585049134232
111,2.71153846153846,2.44798326722205
111,3.92307692307692,2.98088042722114
111,4.82692307692308,3.85921338662934
111,5.09615384615385,3.71252704953262
111,6.30769230769231,3.25286921832747
111,7.94230769230769,4.38738457911271
111,8.28846153846154,4.15328545345577
111,9.11538461538462,3.89114890002259
111,10.8076923076923,4.99220477985678
111,11.1730769230769,4.51973218702686
111,12.4423076923077,4.91624331932464
111,13.7692307692308,5.82161962730232
111,14.5576923076923,5.06892672749499
112,0.0192307692307692,0.965030635823754
112,1.86538461538462,2.51211325001411
112,2.63461538461538,1.73790005497124
112,3.13461538461538,2.92660135117326
112,4.28846153846154,2.27432269223689
112,5.05769230769231,2.31732233347624
112,6.44230769230769,3.94205907247359
112,7.36538461538462,3.89785224648642
112,8.15384615384616,3.31035505107402
112,9.92307692307693,4.31009848601289
112,10.8269230769231,3.94116934290235
112,11.9423076923077,3.66924839818022
112,12.5384615384615,3.79010371450423
112,13.4038461538462,3.66261381164464
112,14.8846153846154,4.38436794076701
113,0.0192307692307692,-0.374536186753888
113,1.28846153846154,0.257564977456656
113,2.71153846153846,1.47460484787204
113,3.84615384615385,0.492098413040323
113,4.76923076923077,0.558250960678837
113,5.13461538461539,-0.024401917899018
113,6.53846153846154,1.61418224992133
113,7.28846153846154,1.74655289577194
113,8.01923076923077,1.48959794756045
113,9.86538461538462,1.11623710051313
113,10.8653846153846,0.87745315280655
113,11.6153846153846,1.22372512644607
113,12.6346153846154,1.68008445204391
113,13.4038461538462,0.725440928105406
113,15,1.17202438341244
114,0.0192307692307692,1.36263090319569
114,1.73076923076923,3.55806161745255
114,2.51923076923077,3.76984010085334
114,3.65384615384615,4.50981331025561
114,4.88461538461539,5.56130636145479
114,5.71153846153846,5.70057002376736
114,6.34615384615385,6.06615829620206
114,8,7.04836247299089
114,8.65384615384616,7.06487616344779
114,9.34615384615385,7.57971634406103
114,11,8.03522692402737
114,11.8076923076923,7.84294276281412
114,12.3076923076923,7.00272392866907
114,13.8846153846154,7.29578409746361
114,14.5769230769231,7.69578528696899
115,0.0192307692307692,1.73656342338856
115,1.07692307692308,2.6724028421816
115,2.80769230769231,3.88355329752907
115,3.11538461538462,3.25095958053949
115,4.15384615384615,3.63564330963779
115,5.05769230769231,4.25306921290175
115,6.96153846153846,4.89464216295001
115,7.01923076923077,4.75815235405724
115,8.01923076923077,4.75394249963296
115,9.17307692307693,7.65348072725062
115,10.7884615384615,6.70147710704936
115,11.4423076923077,6.1758386180965
115,12.0576923076923,6.40596533774469
115,13.9423076923077,6.8314393095071
115,14.5576923076923,6.65921210095616
116,0.0192307692307692,-3.18021403972198
116,1.19230769230769,-1.69009068742241
116,2.23076923076923,-0.394005192124513
116,3.5,-1.07088249750207
116,4.38461538461539,-0.476703661443848
116,5.57692307692308,-0.106940545081221
116,6.88461538461539,0.722343105288694
116,7.48076923076923,0.87478680600011
116,8.67307692307693,1.19469332106742
116,9.21153846153846,1.25026190697182
116,10.8269230769231,2.62754772062063
116,11.6538461538462,2.91011504500195
116,12.9038461538462,2.13792307903481
116,13.0769230769231,2.14713773332374
116,14.9230769230769,1.87443995140961
117,0.0192307692307692,-0.667002458156179
117,1.90384615384615,1.5037162941421
117,2.57692307692308,2.6151272042497
117,3.55769230769231,2.69024082049749
117,4.88461538461539,3.06670027458138
117,5.80769230769231,3.77238263858571
117,6.73076923076923,3.73119451435943
117,7.80769230769231,4.18046488711968
117,8.32692307692308,4.05946354364678
117,9.65384615384616,5.16599355944086
117,10.9230769230769,5.60907784344848
117,11.5961538461538,5.50592772016048
117,12.0576923076923,5.4210819258132
117,13.9807692307692,5.99158858314625
117,14.9423076923077,5.67130574056328
118,0.0192307692307692,2.10173114046052
118,1.30769230769231,2.15382285934405
118,2.40384615384615,3.08730538568621
118,3.15384615384615,3.74576891814735
118,5,5.20467525433949
118,5.53846153846154,5.42603265229356
118,6.46153846153846,5.32644305042982
118,7.32692307692308,5.67584926913234
118,8.55769230769231,5.17241215655327
118,9.19230769230769,5.77701638949521
118,10.0769230769231,3.55774148699881
118,11.0384615384615,3.9014424993575
118,12.1346153846154,4.85415313480016
118,13.4615384615385,4.52935436159299
118,14.7884615384615,5.32992776226766
119,0.0192307692307692,0.668786571954225
119,1.21153846153846,1.11723576329054
119,2.65384615384615,1.85640022961511
119,3.44230769230769,2.31703793100096
119,4.96153846153846,2.5191979506672
119,5.67307692307692,2.95944475795937
119,6.21153846153846,3.18786661906578
119,7.46153846153846,1.39634592857187
119,8.09615384615385,1.75552051559545
119,9.17307692307693,1.51151127022785
119,10.8076923076923,2.41188994248745
119,11.0769230769231,2.50207205419301
119,12.3269230769231,2.72652606225273
119,13.5961538461538,2.32236821103537
119,14.8653846153846,3.67763833173205
120,0.0192307692307692,-0.950781023681651
120,1.96153846153846,0.433471256454272
120,2.44230769230769,1.52841455396435
120,3.30769230769231,2.32036902928169
120,4.82692307692308,3.29991543041945
120,5.28846153846154,2.41670744608478
120,6.96153846153846,3.74613199172652
120,7.05769230769231,3.47888023259469
120,8.61538461538462,3.36148642176787
120,9.98076923076923,3.83231353710271
120,10.6346153846154,3.20270184588645
120,11.0769230769231,4.29915407480791
120,12.4807692307692,4.58548433677279
120,13.9230769230769,4.31304889282828
120,14.5961538461538,4.89053036670466
121,0.0192307692307692,1.852832984291
121,1.07692307692308,2.7603959219541
121,2.53846153846154,4.67142216686164
121,3.32692307692308,4.98846998646282
121,4.73076923076923,5.83146468412459
121,5.09615384615385,6.22740332307223
121,6.92307692307692,6.41252768914348
121,7.90384615384615,6.79737672774603
121,8.80769230769231,7.22065384641893
121,9.98076923076923,6.98039300374193
121,10.6346153846154,7.05360057960994
121,11.0769230769231,7.98586013368857
121,12.1923076923077,7.72842670040527
121,13.0769230769231,7.96194906795836
121,14.5961538461538,8.48216571211543
122,0.0192307692307692,1.217792499285
122,1.03846153846154,1.06592572124869
122,2.59615384615385,1.61616809753142
122,3.71153846153846,2.40442660848167
122,4.32692307692308,1.42573352855136
122,5.57692307692308,2.02196159342859
122,6.84615384615385,1.83368410140457
122,7.34615384615385,1.99564550894565
122,8.86538461538462,2.37042048862171
122,9.5,1.71844609131224
122,10.3461538461538,1.82051177939725
122,11.0576923076923,2.57064099638922
122,12.2884615384615,2.66563524272443
122,13.4038461538462,2.49646753551801
122,14.0576923076923,2.26511792327739
123,0.0192307692307692,-0.56377963556761
123,1.57692307692308,1.04981599382813
123,2.38461538461538,1.98063034631188
123,3.98076923076923,2.41167064000897
123,4.09615384615385,2.35692811445222
123,5.21153846153846,2.24960121884803
123,6.80769230769231,3.86091921072111
123,7.51923076923077,3.03730267853201
123,8.09615384615385,3.6616405935709
123,9.90384615384616,3.5952178679854
123,10.9423076923077,2.8712869603491
123,11.9615384615385,3.62041026083235
123,12.8076923076923,2.98219068553465
123,13.3653846153846,2.80781324451176
123,14.3846153846154,2.72579183095658
124,0.0192307692307692,0.922105901481795
124,1.98076923076923,2.66407304784069
124,2.63461538461538,2.55613263817901
124,3.82692307692308,5.23506625060378
124,4.19230769230769,4.91176569263769
124,5.34615384615385,5.58157489332042
124,6.11538461538462,5.56379919502869
124,7.13461538461539,5.12523993825258
124,8.84615384615385,5.57870149530172
124,9.42307692307693,5.7682047432779
124,10.5576923076923,6.72043275119515
124,11.5961538461538,6.40977964436533
124,12.8461538461538,6.05212050876901
124,13.1538461538462,6.08723638070113
124,14.8846153846154,5.40041450650926
125,0.0192307692307692,1.16560487868948
125,1.28846153846154,2.00045968425309
125,2.15384615384615,2.37705282411206
125,3.76923076923077,3.32456801411906
125,4.13461538461539,3.76524439281733
125,5.65384615384615,3.96361243631413
125,6.40384615384615,3.84529653656542
125,7.86538461538462,5.11333146863764
125,8.19230769230769,4.80654688319262
125,9.17307692307693,5.00192726132616
125,10.4038461538462,5.31059697158541
125,11.3653846153846,5.47847989224486
125,12.6346153846154,5.60842039438048
125,13.0961538461538,6.13777125742033
125,14.6923076923077,6.51883858548801
